order_id,customer_id,order_date,shipping_date,item_id
1,1,2022-01-01,2022-01-02,1
2,84,2022-01-02,2022-01-03,23
3,17,2022-01-03,2022-01-04,45
4,93,2022-01-04,2022-01-05,12
5,56,2022-01-05,2022-01-06,9
6,20,2022-01-06,2022-01-07,38
7,46,2022-01-07,2022-01-08,56
8,77,2022-01-08,2022-01-09,3
9,5,2022-01-09,2022-01-10,17
10,82,2022-01-10,2022-01-11,50
11,13,2022-01-11,2022-01-12,5
12,79,2022-01-12,2022-01-13,28
13,62,2022-01-13,2022-01-14,18
14,38,2022-01-14,2022-01-15,47
15,92,2022-01-15,2022-01-16,32
16,28,2022-01-16,2022-01-17,14
17,7,2022-01-17,2022-01-18,60
18,11,2022-01-18,2022-01-19,8
19,69,2022-01-20,2022-01-21,21
20,50,2022-01-21,2022-01-22,42
21,90,2022-01-22,2022-01-23,2
22,23,2022-01-23,2022-01-24,54
23,89,2022-01-25,2022-01-26,19
24,41,2022-01-26,2022-01-27,36
25,3,2022-01-27,2022-01-28,7
26,81,2022-01-28,2022-01-29,25
27,32,2022-01-29,2022-01-30,49
28,98,2022-01-30,2022-01-31,15
29,70,2022-01-31,2022-02-01,39
30,14,2022-02-01,2022-02-02,52
31,2,2022-02-02,2022-02-03,6
32,85,2022-02-03,2022-02-04,35
33,60,2022-02-04,2022-02-05,20
34,47,2022-02-05,2022-02-06,44
35,25,2022-02-06,2022-02-07,11
36,10,2022-02-07,2022-02-08,55
37,74,2022-02-08,2022-02-09,24
38,63,2022-02-09,2022-02-10,37
39,4,2022-02-10,2022-02-11,30
40,16,2022-02-11,2022-02-12,16
41,29,2022-02-12,2022-02-13,59
42,54,2022-02-13,2022-02-14,4
43,94,2022-02-14,2022-02-15,22
44,43,2022-02-15,2022-02-16,48
45,96,2022-02-16,2022-02-17,13
46,71,2022-02-17,2022-02-18,33
47,58,2022-02-18,2022-02-19,58
48,53,2022-02-19,2022-02-20,26
49,76,2022-02-21,2022-02-22,34
50,87,2022-02-22,2022-02-23,27
51,35,2022-02-23,2022-02-24,46
52,8,2022-02-24,2022-02-25,29
53,31,2022-02-25,2022-02-26,40
54,68,2022-02-26,2022-02-27,57
55,39,2022-02-27,2022-02-28,1
56,99,2022-02-28,2022-03-01,23
57,61,2022-03-01,2022-03-02,45
58,44,2022-03-02,2022-03-03,12
59,15,2022-03-03,2022-03-04,9
60,86,2022-03-04,2022-03-05,38
61,27,2022-03-05,2022-03-06,56
62,52,2022-03-06,2022-03-07,3
63,78,2022-03-07,2022-03-08,17
64,40,2022-03-08,2022-03-09,50
65,22,2022-03-09,2022-03-10,5
66,66,2022-03-10,2022-03-11,28
67,49,2022-03-11,2022-03-12,18
68,95,2022-03-12,2022-03-13,47
69,24,2022-03-13,2022-03-14,32
70,67,2022-03-14,2022-03-15,14
71,91,2022-03-15,2022-03-16,60
72,42,2022-03-16,2022-03-17,8
73,72,2022-03-17,2022-03-18,31
74,9,2022-03-18,2022-03-19,21
75,48,2022-03-19,2022-03-20,42
76,73,2022-03-20,2022-03-21,2
77,36,2022-03-21,2022-03-22,54
78,19,2022-03-22,2022-03-23,10
79,88,2022-03-23,2022-03-24,19
80,18,2022-03-24,2022-03-25,36
81,59,2022-03-25,2022-03-26,7
82,55,2022-03-26,2022-03-27,25
83,30,2022-03-27,2022-03-28,49
84,97,2022-03-28,2022-03-29,15
85,64,2022-03-29,2022-03-30,39
86,21,2022-03-30,2022-03-31,52
87,80,2022-03-31,2022-04-01,6
88,26,2022-04-01,2022-04-02,35
89,75,2022-04-02,2022-04-03,20
90,45,2022-04-03,2022-04-04,44
91,37,2022-04-04,2022-04-05,11
92,51,2022-04-05,2022-04-06,55
93,6,2022-04-06,2022-04-07,24
94,33,2022-04-07,2022-04-08,37
95,100,2022-04-08,2022-04-09,30
96,57,2022-04-09,2022-04-10,16
97,83,2022-04-10,2022-04-11,59
98,1,2022-04-11,2022-04-12,4
99,14,2022-04-12,2022-04-13,22
100,54,2022-04-13,2022-04-14,48
101,32,2022-04-14,2022-04-15,13
102,67,2022-04-15,2022-04-16,33
103,35,2022-04-16,2022-04-17,58
104,95,2022-09-20,2022-04-18,26
105,78,2022-04-18,2022-04-19,51
106,89,2022-04-19,2022-04-20,34
107,90,2022-04-21,2022-04-22,46
108,10,2022-01-05,2022-04-23,29
109,25,2022-04-23,2022-04-24,40
110,50,2022-04-24,2022-04-25,57
111,75,2022-04-25,2022-04-26,1
112,15,2022-04-26,2022-04-27,23
113,30,2022-04-27,2022-04-28,45
114,55,2022-04-28,2022-04-29,12
115,80,2022-04-29,2022-04-30,9
116,20,2022-04-30,2022-05-01,38
117,35,2022-05-01,2022-05-02,56
118,60,2022-05-02,2022-05-03,3
119,85,2022-05-03,2022-05-04,17
120,5,2022-05-04,2022-05-05,50
121,40,2022-05-05,2022-05-06,5
122,90,2022-05-07,2022-05-08,18
123,10,2022-05-08,2022-05-09,47
124,25,2022-05-09,2022-05-10,32
125,50,2022-05-10,2022-05-11,14
126,75,2022-05-11,2022-05-12,60
127,15,2022-05-12,2022-05-13,8
128,30,2022-05-13,2022-05-14,31
129,55,2022-05-14,2022-05-15,21
130,80,2022-05-15,2022-05-16,42
131,20,2022-05-16,2022-05-17,2
132,35,2022-05-17,2022-05-18,54
133,60,2022-05-18,2022-05-19,10
134,85,2022-05-19,2022-05-20,19
135,5,2022-05-20,2022-05-21,36
136,40,2022-05-21,2022-05-22,7
137,90,2022-05-23,2022-05-24,49
138,10,2022-05-24,2022-05-25,15
139,25,2022-05-25,2022-05-26,39
140,50,2022-05-26,2022-05-27,52
141,75,2022-05-27,2022-05-28,6
142,15,2022-05-28,2022-05-29,35
143,30,2022-05-29,2022-05-30,20
144,55,2022-05-30,2022-05-31,44
145,80,2022-05-31,2022-06-01,11
146,20,2022-06-01,2022-06-02,55
147,35,2022-06-02,2022-06-03,24
148,60,2022-06-03,2022-06-04,37
149,85,2022-06-04,2022-06-05,30
150,5,2022-06-05,2022-06-06,16
151,40,2022-06-06,2022-06-07,59
152,90,2022-06-08,2022-06-09,22
153,10,2022-06-09,2022-06-10,48
154,25,2022-06-10,2022-06-11,13
155,50,2022-06-11,2022-06-12,33
156,75,2022-06-12,2022-06-13,58
157,15,2022-06-13,2022-06-14,26
158,30,2022-06-14,2022-06-15,51
159,55,2022-06-15,2022-06-16,34
160,80,2022-06-16,2022-06-17,27
161,20,2022-06-17,2022-06-18,46
162,35,2022-06-18,2022-06-19,29
163,1,2022-06-19,2022-06-20,40
164,84,2022-06-20,2022-06-21,57
165,17,2022-06-21,2022-06-22,1
166,93,2022-06-22,2022-06-23,23
167,56,2022-06-23,2022-06-24,45
168,20,2022-06-24,2022-06-25,12
169,46,2022-06-25,2022-06-26,9
170,77,2022-06-26,2022-06-27,38
171,5,2022-06-27,2022-06-28,56
172,82,2022-06-28,2022-06-29,3
173,13,2022-06-29,2022-06-30,17
174,79,2022-06-30,2022-07-01,50
175,62,2022-07-01,2022-07-02,5
176,38,2022-07-02,2022-07-03,28
177,92,2022-07-03,2022-07-04,18
178,28,2022-07-04,2022-07-05,47
179,7,2022-07-05,2022-07-06,32
180,11,2022-07-06,2022-07-07,14
181,69,2022-07-08,2022-07-09,8
182,50,2022-07-09,2022-07-10,31
183,90,2022-07-10,2022-07-11,21
184,23,2022-07-11,2022-07-12,42
185,89,2022-07-13,2022-07-14,54
186,41,2022-07-14,2022-07-15,10
187,3,2022-07-15,2022-07-16,19
188,81,2022-07-16,2022-07-17,36
189,32,2022-07-17,2022-07-18,7
190,98,2022-07-18,2022-07-19,25
191,70,2022-07-19,2022-07-20,49